term,coef,exp(coef),se(coef),coef lower 95%,coef upper 95%,exp(coef) lower 95%,exp(coef) upper 95%,cmp to,z,p,-log2(p)
anchor_age,0.03917060599304003,1.0399478898589056,0.0012986452879977688,0.03662530799987176,0.0417159039862083,1.0373042783985493,1.0425982386688506,0.0,30.16266747745465,7.317519688105261e-200,661.5142642551995
gender_male,0.0010518015145425308,1.0010523548517387,0.029063168242895534,-0.05591096151816096,0.058014564547246024,0.9456233290077333,1.0597304300918067,0.0,0.036190187723241174,0.9711307099282932,0.04226260575770425
cci_without_hf,0.20398711424001842,1.226282351774348,0.005274004003732029,0.1936502563383836,0.21432397214165325,1.2136717347225316,1.2390239990362928,0.0,38.67784592041863,0.0,inf
