variable,n_groups,test_statistic,p
gender,2,29.106994115314514,6.848928423085947e-08
age_group,3,2739.1251793504666,0.0
admission_type,9,1799.4391951757702,0.0
insurance,6,1499.9434549151601,0.0
race_simple,6,493.65833763267244,1.8665906631148394e-104
marital_status,5,1236.2342065652942,2.2229294319242484e-266
icu_los_group,4,1272.3106925194816,1.499067116934993e-275
first_careunit,17,2948.941631736538,0.0
last_careunit,17,2948.941631736538,0.0
