risk_group,n,events,event_rate,median_risk_score
low,10456,398,0.03806426931905126,0.43550155484823416
medium,10456,1263,0.12079188982402449,1.0650729130879077
high,10457,3239,0.30974466864301425,2.126295824523026
