risk_group,n,events,event_rate,median_risk_score
low,2500,46,0.0184,48.522768929733964
medium,2500,321,0.1284,273.98567554845783
high,2500,977,0.3908,835.0446836192166
